query_id,query_source,gold_policy_id,predicted_policy_1,top1_score,predicted_policy_2,top2_score,predicted_policy_3,top3_score,top1_correct,gold_rank,difficulty
C01,controlled_assistant_authored,DR-ACC-001,DR-ACC-001,0.5674669742584229,DR-ACC-002,0.3842136561870575,DR-PAY-001,0.19478198885917664,True,1,easy
C02,controlled_assistant_authored,DR-ACC-001,DR-ACC-001,0.6240620613098145,DR-ACC-002,0.5002080798149109,DR-PAY-001,0.33988094329833984,True,1,medium
C03,controlled_assistant_authored,DR-ACC-001,DR-ACC-001,0.3582693338394165,DR-ACC-002,0.297268271446228,DR-DEL-003,0.034457288682460785,True,1,hard
C04,controlled_assistant_authored,DR-ACC-002,DR-ACC-002,0.5160026550292969,DR-ACC-001,0.4562032222747803,DR-PAY-001,0.21157516539096832,True,1,easy
C05,controlled_assistant_authored,DR-ACC-002,DR-ACC-001,0.5698832869529724,DR-ACC-002,0.4382825493812561,DR-DEL-002,0.24791553616523743,False,2,medium
C06,controlled_assistant_authored,DR-ACC-002,DR-ACC-001,0.251093327999115,DR-ACC-002,0.2153427004814148,DR-DEL-003,0.1812114119529724,False,2,hard
C07,controlled_assistant_authored,DR-CAN-001,DR-CAN-002,0.3994767665863037,DR-DEL-003,0.3706384301185608,DR-CAN-001,0.3604390025138855,False,3,easy
C08,controlled_assistant_authored,DR-CAN-001,DR-DEL-003,0.4155513048171997,DR-DEL-002,0.4051003158092499,DR-CAN-002,0.35156193375587463,False,6,medium
C09,controlled_assistant_authored,DR-CAN-001,DR-CAN-002,0.45980966091156006,DR-PAY-001,0.44797825813293457,DR-CAN-001,0.41834551095962524,False,3,hard
C10,controlled_assistant_authored,DR-CAN-002,DR-CAN-001,0.5593612790107727,DR-CAN-002,0.5005043148994446,DR-PAY-002,0.32152730226516724,False,2,easy
C11,controlled_assistant_authored,DR-CAN-002,DR-CAN-002,0.5017242431640625,DR-DEL-001,0.44012776017189026,DR-REF-003,0.434767484664917,True,1,medium
C12,controlled_assistant_authored,DR-CAN-002,DR-DEL-003,0.4058361053466797,DR-DEL-002,0.39552509784698486,DR-CAN-002,0.37884247303009033,False,3,hard
C13,controlled_assistant_authored,DR-DEL-001,DR-DEL-001,0.6360569000244141,DR-DEL-003,0.563392162322998,DR-DEL-002,0.5077642798423767,True,1,easy
C14,controlled_assistant_authored,DR-DEL-001,DR-DEL-003,0.6690060496330261,DR-DEL-002,0.5561150312423706,DR-DEL-001,0.5470354557037354,False,3,medium
C15,controlled_assistant_authored,DR-DEL-001,DR-DEL-001,0.6028822660446167,DR-DEL-002,0.5069445371627808,DR-DEL-003,0.5064777731895447,True,1,hard
C16,controlled_assistant_authored,DR-DEL-002,DR-DEL-003,0.42223504185676575,DR-DEL-001,0.4052947163581848,DR-DEL-002,0.40178394317626953,False,3,easy
C17,controlled_assistant_authored,DR-DEL-002,DR-DEL-001,0.6464887857437134,DR-DEL-002,0.6303420066833496,DR-DEL-003,0.5807863473892212,False,2,medium
C18,controlled_assistant_authored,DR-DEL-002,DR-DEL-003,0.3789289593696594,DR-DEL-001,0.3140897750854492,DR-DEL-002,0.3087728023529053,False,3,hard
C19,controlled_assistant_authored,DR-DEL-003,DR-DEL-003,0.5446821451187134,DR-DEL-002,0.3706350326538086,DR-DEL-001,0.3640414774417877,True,1,easy
C20,controlled_assistant_authored,DR-DEL-003,DR-DEL-001,0.5939133763313293,DR-DEL-003,0.5690793991088867,DR-DEL-002,0.501198410987854,False,2,medium
C21,controlled_assistant_authored,DR-DEL-003,DR-DEL-003,0.4715483784675598,DR-DEL-001,0.45210710167884827,DR-DEL-002,0.442632794380188,True,1,hard
C22,controlled_assistant_authored,DR-PAY-001,DR-PAY-001,0.6494793891906738,DR-PAY-003,0.4919601082801819,DR-CAN-002,0.45565658807754517,True,1,easy
C23,controlled_assistant_authored,DR-PAY-001,DR-PAY-001,0.6174595355987549,DR-REF-002,0.450823575258255,DR-PAY-003,0.4159402847290039,True,1,medium
C24,controlled_assistant_authored,DR-PAY-001,DR-PAY-001,0.4426771402359009,DR-REF-002,0.37960660457611084,DR-DEL-003,0.34989991784095764,True,1,hard
C25,controlled_assistant_authored,DR-PAY-002,DR-PAY-002,0.502190887928009,DR-CAN-001,0.4548081159591675,DR-PAY-001,0.4370565414428711,True,1,easy
C26,controlled_assistant_authored,DR-PAY-002,DR-PAY-003,0.6078044772148132,DR-PAY-002,0.52489173412323,DR-PAY-001,0.4567863941192627,False,2,medium
C27,controlled_assistant_authored,DR-PAY-002,DR-PAY-002,0.5549406409263611,DR-PAY-001,0.5408775210380554,DR-REF-001,0.5363683104515076,True,1,hard
C28,controlled_assistant_authored,DR-PAY-003,DR-PAY-003,0.6590606570243835,DR-PAY-002,0.5402780771255493,DR-PAY-001,0.4951344132423401,True,1,easy
C29,controlled_assistant_authored,DR-PAY-003,DR-PAY-003,0.5614457726478577,DR-PAY-002,0.4834948778152466,DR-PAY-001,0.45166218280792236,True,1,medium
C30,controlled_assistant_authored,DR-PAY-003,DR-PAY-003,0.5210652351379395,DR-PAY-001,0.4915023446083069,DR-PAY-002,0.44955974817276,True,1,hard
C31,controlled_assistant_authored,DR-REF-001,DR-REF-001,0.4673727750778198,DR-CAN-002,0.4528545141220093,DR-REF-003,0.45105472207069397,True,1,easy
C32,controlled_assistant_authored,DR-REF-001,DR-REF-003,0.5147671103477478,DR-REF-001,0.4662376046180725,DR-CAN-002,0.3744581639766693,False,2,medium
C33,controlled_assistant_authored,DR-REF-001,DR-CAN-002,0.5744876265525818,DR-REF-001,0.4659360647201538,DR-CAN-001,0.4554797112941742,False,2,hard
C34,controlled_assistant_authored,DR-REF-002,DR-REF-002,0.6394906640052795,DR-REF-001,0.5189197063446045,DR-PAY-001,0.5109637975692749,True,1,easy
C35,controlled_assistant_authored,DR-REF-002,DR-REF-002,0.6064900755882263,DR-REF-001,0.5352372527122498,DR-PAY-002,0.47899729013442993,True,1,medium
C36,controlled_assistant_authored,DR-REF-002,DR-PAY-001,0.5280619859695435,DR-REF-002,0.5127225518226624,DR-PAY-002,0.48862332105636597,False,2,hard
C37,controlled_assistant_authored,DR-REF-003,DR-REF-003,0.3055988550186157,DR-REF-001,0.22265300154685974,DR-CAN-002,0.2035471796989441,True,1,easy
C38,controlled_assistant_authored,DR-REF-003,DR-REF-003,0.4678783416748047,DR-DEL-002,0.4437481164932251,DR-DEL-001,0.4051703214645386,True,1,medium
C39,controlled_assistant_authored,DR-REF-003,DR-DEL-001,0.607200026512146,DR-REF-003,0.5931645035743713,DR-DEL-002,0.5476731657981873,False,2,hard
C40,controlled_assistant_authored,DR-HUM-001,DR-HUM-001,0.276786744594574,DR-ACC-001,0.2628817558288574,DR-ACC-002,0.20716074109077454,True,1,easy
C41,controlled_assistant_authored,DR-HUM-001,DR-HUM-002,0.3101435899734497,DR-HUM-001,0.2434970736503601,DR-ACC-002,0.2009272277355194,False,2,medium
C42,controlled_assistant_authored,DR-HUM-001,DR-HUM-001,0.464320570230484,DR-PAY-001,0.4148474931716919,DR-DEL-001,0.4036950469017029,True,1,hard
C43,controlled_assistant_authored,DR-HUM-002,DR-HUM-002,0.4731450080871582,DR-DEL-001,0.3858047127723694,DR-DEL-003,0.3480324149131775,True,1,easy
C44,controlled_assistant_authored,DR-HUM-002,DR-HUM-002,0.39574697613716125,DR-PAY-003,0.37716203927993774,DR-CAN-002,0.30187100172042847,True,1,medium
C45,controlled_assistant_authored,DR-HUM-002,DR-HUM-002,0.4886462092399597,DR-DEL-003,0.33531492948532104,DR-DEL-002,0.33430495858192444,True,1,hard
P01,personal_user_written_adapted_from_prior_work,DR-ACC-001,DR-ACC-001,0.5299261808395386,DR-ACC-002,0.4347552955150604,DR-PAY-001,0.22343429923057556,True,1,medium
P02,personal_user_written_adapted_from_prior_work,DR-ACC-002,DR-ACC-002,0.5953481197357178,DR-ACC-001,0.5458540916442871,DR-PAY-001,0.21182307600975037,True,1,easy
P03,personal_user_written_adapted_from_prior_work,DR-CAN-001,DR-CAN-001,0.6079367995262146,DR-CAN-002,0.541172444820404,DR-DEL-003,0.45906955003738403,True,1,medium
P04,personal_user_written_adapted_from_prior_work,DR-CAN-002,DR-CAN-001,0.5615787506103516,DR-DEL-003,0.5330854654312134,DR-CAN-002,0.5317687392234802,False,3,easy
P05,personal_user_written_adapted_from_prior_work,DR-DEL-001,DR-DEL-003,0.629548966884613,DR-DEL-002,0.5632184743881226,DR-DEL-001,0.5156241655349731,False,3,medium
P06,personal_user_written_adapted_from_prior_work,DR-DEL-002,DR-DEL-003,0.605323076248169,DR-DEL-002,0.5249806046485901,DR-DEL-001,0.5065282583236694,False,2,easy
P07,personal_user_written_adapted_from_prior_work,DR-DEL-003,DR-DEL-003,0.7171436548233032,DR-DEL-001,0.6444028615951538,DR-DEL-002,0.5209058523178101,True,1,medium
P08,personal_user_written_adapted_from_prior_work,DR-PAY-001,DR-PAY-001,0.6096233129501343,DR-REF-002,0.4103137254714966,DR-PAY-003,0.40226829051971436,True,1,hard
P09,personal_user_written_adapted_from_prior_work,DR-PAY-002,DR-PAY-002,0.5719970464706421,DR-PAY-003,0.4665871262550354,DR-CAN-001,0.44199901819229126,True,1,medium
P10,personal_user_written_adapted_from_prior_work,DR-PAY-003,DR-PAY-003,0.5481911301612854,DR-PAY-002,0.5065277814865112,DR-PAY-001,0.3861845135688782,True,1,medium
P11,personal_user_written_adapted_from_prior_work,DR-REF-001,DR-REF-001,0.625121533870697,DR-REF-003,0.5782698392868042,DR-CAN-002,0.5253968238830566,True,1,easy
P12,personal_user_written_adapted_from_prior_work,DR-REF-002,DR-REF-002,0.6015794277191162,DR-PAY-002,0.46985697746276855,DR-REF-001,0.4477834105491638,True,1,medium
P13,personal_user_written_adapted_from_prior_work,DR-REF-003,DR-REF-003,0.6099915504455566,DR-REF-001,0.5124757885932922,DR-CAN-002,0.45769602060317993,True,1,medium
P14,personal_user_written_adapted_from_prior_work,DR-HUM-001,DR-HUM-001,0.3483116328716278,DR-HUM-002,0.3389512896537781,DR-REF-002,0.2546525001525879,True,1,easy
P15,personal_user_written_adapted_from_prior_work,DR-HUM-002,DR-PAY-003,0.5567090511322021,DR-PAY-002,0.5101485252380371,DR-PAY-001,0.4978417754173279,False,11,hard
