metric,tfidf,semantic,absolute_difference,difference_unit
overall_recall_at_1,0.5833333333333334,0.6333333333333333,0.04999999999999993,fraction (multiply recall differences by 100 for percentage points)
overall_recall_at_3,0.8333333333333334,0.9666666666666667,0.1333333333333333,fraction (multiply recall differences by 100 for percentage points)
overall_mrr,0.7192185592185593,0.782070707070707,0.06285214785214777,MRR units
personal_recall_at_1,0.7333333333333333,0.7333333333333333,0.0,fraction (multiply recall differences by 100 for percentage points)
personal_recall_at_3,1.0,0.9333333333333333,-0.06666666666666665,fraction (multiply recall differences by 100 for percentage points)
personal_mrr,0.8444444444444444,0.8171717171717172,-0.027272727272727226,MRR units
controlled_recall_at_1,0.5333333333333333,0.6,0.06666666666666665,fraction (multiply recall differences by 100 for percentage points)
controlled_recall_at_3,0.7777777777777778,0.9777777777777777,0.19999999999999996,fraction (multiply recall differences by 100 for percentage points)
controlled_mrr,0.6774765974765975,0.7703703703703704,0.09289377289377287,MRR units
